id,qingqi,rickshaw,tanga
f10446237,1.6760106191782143e-08,1.0,1.000558075519957e-13
f16778691,3.4215535293924404e-08,1.0,1.0298344642334367e-11
f12813737,0.9999932050704956,6.179688170959707e-06,6.111814627729473e-07
f12710145,7.333313643831385e-12,3.4317484271470815e-16,1.0
f11867174,1.5089206044649472e-06,0.9999920129776001,6.485545327450382e-06
f14001506,4.038358980551493e-09,0.9999994039535522,5.881972811039304e-07
f13396805,8.209687374360897e-10,2.66947840785528e-13,1.0
f13525279,0.9999997615814209,1.060341701594747e-12,2.25972641487715e-07
f15843486,1.9571203324630915e-08,1.0,1.818906787340313e-12
f16639675,2.500594973753323e-06,0.0016981279477477074,0.9982994198799133
f14940555,3.011919943674002e-06,1.0855254686248372e-06,0.9999959468841553
f12782211,0.2554784119129181,4.195526798866922e-06,0.7445173263549805
f13659263,1.9976934603066487e-12,1.0,4.9938175881829305e-14
f10749671,2.9647229116136486e-09,1.0,2.5333551229023143e-11
f14698575,2.3731930923531763e-05,9.352178587107574e-09,0.9999762773513794
f14723517,1.0,2.744859894932006e-10,1.4812055582069661e-08
f14515885,0.9996567964553833,3.8629539631074294e-05,0.0003045684134121984
f13342495,0.02789856120944023,0.9720997214317322,1.7430406842322554e-06
f14054084,0.00010745894542196766,2.2083082584778424e-10,0.9998924732208252
f12451365,1.7514165465137843e-11,1.0,2.828817638033526e-13
f12209351,0.0011824932880699635,1.2480137456805096e-07,0.9988173842430115
f11648584,7.55435625166001e-09,1.0,9.544712242792741e-11
f16514940,0.9999529123306274,4.6911565732443705e-05,1.2946836136507045e-07
f10997811,9.134458377957344e-05,0.9999086856842041,1.931392645815322e-08
f11251942,4.648548201657832e-05,9.051520422076464e-09,0.9999535083770752
f10407326,1.0,8.550110272564915e-12,2.6053407695125763e-11
f12271580,0.9999998807907104,7.907770793735835e-08,2.3614570299201887e-09
f16381819,0.055684659630060196,4.91275322644924e-08,0.9443153142929077
f10180425,6.315480618468428e-07,0.9999994039535522,1.5568063505000396e-10
f10615418,2.8044350841582855e-08,1.0,8.132874582122973e-12
f10461353,1.3654277361552225e-12,1.3670785660999715e-14,1.0
f14198986,2.5540209946939285e-09,1.0,2.701683494976681e-12
f13377160,0.966704249382019,0.03313745558261871,0.0001583659031894058
f12579987,4.318501851230394e-06,0.9999942779541016,1.4636057130701374e-06
f11878015,2.0559307813527994e-05,8.30156256237391e-12,0.9999794960021973
f11008568,4.2990135756815206e-11,3.9088605134650535e-17,1.0
f11875246,1.0,1.2979253956324488e-11,7.39962049967069e-11
f10473969,1.035904036195709e-15,6.711589563192927e-14,1.0
f12664331,0.9991315007209778,8.614031685283408e-06,0.0008599815773777664
f13471062,1.0,3.015453858834505e-11,7.1927610534316955e-09
f11632864,4.7977431677281857e-05,3.007943760735543e-08,0.999951958656311
f15963395,0.9998304843902588,1.9417526345932856e-05,0.00015005668683443218
f10478831,6.150355225109649e-10,1.0,6.538828384457761e-15
f10687975,0.9999991655349731,1.012219301432804e-11,8.823192843010474e-07
f14294911,0.9999029636383057,9.502827742835507e-05,1.9965841602243017e-06
f12276545,7.967098980543597e-09,1.0,4.1015018529926006e-13
f12420142,1.963866047560714e-08,7.665673251722183e-08,0.9999998807907104
f10728161,1.0,3.9209113733562617e-10,5.5335341642148705e-08
f16870608,1.539690944185601e-11,1.0,6.54909205208623e-14
f15419329,0.23954719305038452,0.7604525089263916,3.0423126418099855e-07
f16770051,5.363302033392636e-13,1.3226778613345536e-13,1.0
f13643715,9.393622546483016e-10,4.50453646009142e-15,1.0
f14690135,3.786978231001825e-10,1.0,3.300231962710676e-11
f15954581,6.516399832928732e-13,1.0,1.2135369037511844e-14
f10289123,6.279032876326321e-14,9.280745615621419e-18,1.0
f15324720,5.1516131855181e-13,1.0,5.864773727423667e-13
f16466106,0.0002533362421672791,4.574346543911867e-12,0.9997466206550598
f10288153,1.2193578612096356e-11,1.0,3.5247388341375085e-10
f16232678,1.1763623387027466e-13,1.0454031004175822e-16,1.0
f12984284,2.708128249651054e-06,0.9999972581863403,3.6450881202299e-10
f14646615,0.9999823570251465,1.0317310170648852e-06,1.6558338757022284e-05
f16213249,0.999988317489624,4.945154286062348e-10,1.1698870366672054e-05
f15222491,0.10120981931686401,0.0005363306845538318,0.898253858089447
f13794933,4.5930242942304744e-10,1.0315535860401515e-13,1.0
f12337259,0.9999585151672363,4.146062201471068e-05,5.511886946862887e-09
f16808014,1.883273739622382e-06,2.4491748629174026e-09,0.9999980926513672
f16426014,1.0,1.6336040298270404e-09,2.5696020311549717e-10
f14403814,4.773853490291913e-08,3.224789324463018e-08,0.9999998807907104
f12576862,5.853821659178304e-13,1.0,2.508550245511939e-14
f14849678,3.2015922031558564e-12,6.362239294427363e-14,1.0
f15701716,4.664890639028384e-14,3.179370841153212e-18,1.0
f10983851,3.707673057462557e-10,1.379115243093634e-14,1.0
f11596753,4.792117991314626e-08,1.0,3.325490924299679e-13
f16973361,2.0584103865850523e-10,1.0,9.14527920623312e-15
f19218399,1.5285045798507646e-11,4.734523084157924e-17,1.0
f21139518,0.00017811040743254125,0.9998219609260559,9.069320405785675e-09
f39545283,1.769279540312762e-14,3.342561628213157e-15,1.0
f38098591,7.723547956793933e-14,1.0529909936126536e-17,1.0
f26549952,0.0904267355799675,0.907992959022522,0.00158031121827662
f37600715,0.00047535859630443156,3.324814035199353e-11,0.999524712562561
f22381240,1.4091614160272048e-11,1.3679966651115004e-14,1.0
f26115759,3.2451940440436644e-12,1.8463886764462888e-15,1.0
f38924913,0.49230048060417175,0.00011901647667400539,0.5075804591178894
f36947187,5.885569131667753e-14,4.860590620748864e-18,1.0
f26885406,6.950684028339538e-09,1.0,1.25340048669903e-12
f36274950,5.515937421309838e-15,1.0,5.377069969497521e-16
f33176255,0.03220418468117714,0.9677231907844543,7.256826938828453e-05
f18408941,0.9997029900550842,1.6996290486126497e-10,0.00029692621319554746
f30425819,3.4885779161275554e-12,8.565081119121711e-15,1.0
f35812699,0.9998977184295654,3.1590622479038544e-11,0.00010226883750874549
f20346281,2.739710151453134e-12,1.0,3.3456208914373065e-09
f32914312,4.344842707837415e-09,1.0,2.400435102425935e-12
f28730712,0.9999998807907104,1.5914986306597712e-07,8.435083742597271e-09
f19557241,2.530805068090558e-05,0.9999740123748779,7.499399430344056e-07
f19611449,1.3592172081189346e-06,3.7510078376712386e-10,0.9999986886978149
f28095780,0.9999918937683105,7.98636938270647e-06,7.431211201947008e-08
f35780853,1.0245920084583915e-10,1.0,1.3493933748165432e-09
f21494698,0.004347577691078186,0.9942949414253235,0.0013575017219409347
f18474698,0.9819345474243164,4.56827474408783e-05,0.018019841983914375
f37714869,8.481785584990575e-07,7.062333224894246e-07,0.9999984502792358
f22330530,0.9973863959312439,0.0026121705304831266,1.4423015954889706e-06
f35816196,0.6733943223953247,0.30056923627853394,0.026036418974399567
f38304841,1.0160589036800616e-09,4.0157493216147477e-16,1.0
f25036521,7.977271287984422e-09,2.0709489692246653e-14,1.0
f22611432,1.3438634649531878e-09,1.10487487214872e-10,1.0
f17586641,2.897268883139681e-11,8.404554179344825e-13,1.0
f25825513,7.140036446199455e-14,8.481590267356981e-14,1.0
f24536627,1.1925969109830015e-13,3.08164906361879e-16,1.0
f35064925,4.854039194787489e-15,1.1290487289245774e-16,1.0
f21247411,0.01575695164501667,0.9842429161071777,1.6005367342586396e-07
f23922659,2.197956927574296e-09,1.0,3.002029913545812e-08
f27272440,0.9999997615814209,2.5296131411778333e-07,4.044945356440621e-08
f38534875,0.9999959468841553,4.093863935850095e-06,2.047081082423574e-08
f33997331,5.823578774766247e-08,1.0,6.60333801527635e-11
f31679882,2.127436346199829e-06,0.9999978542327881,1.2276051009063593e-10
f21428500,5.260921625449555e-06,5.66546414748864e-15,0.9999947547912598
f21691215,0.9999998807907104,8.598502887480208e-08,2.8844310051567845e-08
f17134793,5.150111974216998e-06,1.8402362966796204e-12,0.9999948740005493
f38122718,8.81880851011374e-07,0.9999990463256836,1.7582331679477647e-07
f29151369,2.826371883202228e-07,0.9999997615814209,7.192650031129233e-09
f32195328,0.9986690282821655,0.0013209751341491938,1.0017063686973415e-05
f27787356,0.9999347925186157,2.5605419068597257e-05,3.9520567952422425e-05
f35653672,1.125396735801587e-07,1.3295216316766556e-10,0.9999998807907104
f38545331,5.373318003876193e-07,0.9999992847442627,1.3475137450313923e-07
f20436910,0.865215539932251,0.13478288054466248,1.5949648286550655e-06
f23003065,1.998882613249431e-12,1.2167817175655262e-14,1.0
f17706868,0.9999973773956299,4.787841589859454e-07,2.172869699279545e-06
f26067555,2.500594973753323e-06,0.0016981279477477074,0.9982994198799133
f27010754,5.769426603130512e-12,1.0,3.7692864508862695e-14
f38148106,2.355058509317942e-11,1.0,4.542501493226894e-14
f25765500,2.5206128850818743e-10,1.0,2.436790569673719e-12
f33191253,4.969659528342163e-08,3.048740513517112e-12,1.0
f31315906,0.218967005610466,0.7809749841690063,5.7997625845018774e-05
f26052121,4.003947469755076e-05,0.9999599456787109,1.6060678178012044e-12
f28021048,0.22117015719413757,0.7570924162864685,0.02173749729990959
f19888616,0.9992629885673523,0.0007368355873040855,7.353222741812715e-08
f24112926,0.9653945565223694,0.0062367478385567665,0.02836870588362217
f39261892,0.9904032945632935,5.590587548454096e-09,0.009596663527190685
f37394553,3.895397188407451e-13,1.0,2.3170061789340446e-13
f33560771,7.558899994819512e-08,1.2974592103823235e-12,0.9999998807907104
f26992395,1.0,3.754378535489322e-13,4.154420807367387e-08
f30889170,9.094608399706772e-11,1.0,1.6034965239289378e-12
f24484966,0.0034832675009965897,0.96885746717453,0.027659336104989052
f30061022,2.688450590621061e-13,2.605772983659319e-15,1.0
f20320798,0.9966486096382141,2.7509527100733067e-08,0.0033514220267534256
f29181538,1.353829192035725e-14,1.0100831897107273e-15,1.0
f20792397,3.8301728636724874e-05,0.9999617338180542,2.6502304795172904e-09
f32717824,0.000297068792860955,0.999699592590332,3.3568721846677363e-06
f19750892,1.4508597701023973e-07,1.7440394614598453e-11,0.9999998807907104
f24604212,0.9999966621398926,2.5651377200119896e-06,6.674945325357839e-07
f28766612,5.960414828365401e-09,8.39035223521023e-08,0.9999998807907104
f24369955,1.965067886189331e-09,1.0,5.510138786218866e-13
f36665789,4.760938821998795e-13,1.0,1.7882103878707166e-14
f24004485,4.148883656334562e-13,7.944733352673093e-16,1.0
f17348939,3.2785085757325305e-09,2.9723166202616502e-12,1.0
f29536922,1.0,4.571633382965956e-08,4.019549137979084e-09
f17507366,1.9000166773253113e-08,1.0,2.492632411588147e-08
f35132490,1.0528189022807055e-06,0.9999988079071045,7.555360070909956e-08
f30147584,6.35383967662051e-09,1.0,6.556485389330735e-12
f35582659,0.9999978542327881,2.2040931071387604e-06,4.0984828864054634e-09
f27821419,8.72910899119006e-09,1.0,2.08003525514755e-09
f23021442,1.9622787021944532e-06,0.00010192282206844538,0.9998960494995117
f17423379,3.4431688611391564e-09,5.15259357533257e-14,1.0
f29870589,0.956307590007782,0.04369023069739342,2.133158204742358e-06
f23791701,0.1365644782781601,0.0005471938638947904,0.8628882765769958
f29829764,1.9411991458717637e-10,1.0,3.75534057184268e-08
f32147676,3.1677200240665115e-07,4.785708030492948e-14,0.9999996423721313
f32026741,2.197234894030231e-10,1.0,7.342512708952142e-11
f19232695,6.124347419245169e-05,0.9999387264251709,2.8972363397272716e-10
f19959224,1.3005001164856367e-07,0.9999998807907104,1.2013890993145537e-09
f22250315,0.007102562580257654,9.366314668302067e-11,0.9928973913192749
f19325854,2.481966839695815e-05,0.9999752044677734,1.977543462317044e-09
f38349918,0.00633610412478447,0.9936637878417969,1.0690778395883171e-07
f32728677,0.9999995231628418,5.935409497226374e-09,4.3443893105177267e-07
f28992506,2.8337793992250226e-05,2.5448505525105247e-09,0.9999716281890869
f26038538,1.4103795388520357e-11,4.948717217262422e-12,1.0
f35242603,2.5478188447891625e-08,1.0,9.420512980806706e-11
f24955904,2.4423746580737316e-08,1.0,3.692961314527565e-08
f21745928,3.1484459483976934e-09,1.0,6.483583201571941e-13
f34977521,6.464982789111673e-07,0.9999994039535522,2.501406304311615e-10
f25682985,7.562515946801796e-09,1.0,3.2418286805002694e-12
f37121048,0.00022933780564926565,1.5527577090779232e-07,0.99977046251297
f18310189,5.997521368428238e-10,1.0,1.4675252332785327e-11
f38662318,0.9999998807907104,1.3996185321829557e-09,1.0315291376628011e-07
f38024453,1.0,8.064104051186405e-09,3.0154296837281436e-08
f28088945,0.0018768763402476907,0.9981228709220886,2.0585623872193537e-07
f29905106,2.0981499957578587e-12,6.779806886259357e-14,1.0
f35922161,2.9808599165404015e-13,2.0828199242221975e-15,1.0
f32894323,1.192951851669219e-13,1.0478031550387374e-15,1.0
f28317115,1.0197395011735111e-10,9.625347834583704e-16,1.0
f17886930,1.3337519533251907e-08,2.1934881753830904e-13,1.0
f25251915,3.5637188755544003e-09,1.006153060173487e-11,1.0
f18961811,7.037677960397559e-07,9.883826201928514e-09,0.9999992847442627
f32543455,1.8246964827994816e-06,1.6512943898545906e-13,0.9999982118606567
f22495676,3.6988185951603025e-12,3.4841385068131685e-18,1.0
f33242780,2.2929293663764838e-07,9.015336898234375e-14,0.9999997615814209
f23947437,3.517086355486754e-08,1.0,4.863723659931374e-11
f25149392,1.4056068309287184e-08,4.811476195763775e-13,1.0
f31316932,8.218922938063589e-12,1.537006673736456e-14,1.0
f37257749,0.9999998807907104,1.145860863971393e-07,8.015227925817214e-10
f37609091,9.026400107359223e-07,0.9999990463256836,9.817833213077165e-10
f24805443,0.9975409507751465,0.0024573039263486862,1.8279137066201656e-06
f29836712,7.67554070080223e-07,8.30240737270671e-12,0.9999992847442627
f23591575,1.3566066172643332e-06,1.5446935993767424e-13,0.9999986886978149
f34891385,0.18875733017921448,0.8046151995658875,0.006627555470913649
f31927533,0.00011582775914575905,0.9998823404312134,1.7959113165488816e-06
f28781784,3.713393370574636e-09,1.0,1.243491529363816e-13
f30831994,9.054532235097668e-09,8.152350322587765e-12,1.0
f23173144,2.3933864667924354e-07,0.9999997615814209,3.636680401264414e-10
f34345402,0.023559220135211945,2.2748780637016353e-08,0.9764407277107239
f30122038,3.4177222119069484e-07,0.9999996423721313,1.1070335759200134e-08
f37349166,8.932087847135506e-10,4.818217222771204e-13,1.0
f17090191,0.9999809265136719,1.355773378008962e-07,1.8989416275871918e-05
f23538073,0.003104992676526308,0.9946689009666443,0.0022261471021920443
f35330627,1.0,1.557026209353385e-11,2.411185400646998e-13
f21483051,5.324882756951865e-10,1.490591233343358e-13,1.0
f25455355,6.1532359069138565e-12,2.8264888585879044e-16,1.0
f23435381,4.20662871647437e-07,1.864016926922396e-11,0.9999995231628418
f36347954,0.00012811968917958438,0.9998718500137329,2.8298858811837135e-09
f39259920,4.930249541956755e-09,1.0,1.0911912484701247e-09
f37778975,9.902036059595415e-14,5.866065266320981e-15,1.0
f36464385,4.349384186141947e-10,1.5909270600350788e-16,1.0
f26645377,2.0941141876118508e-10,2.604724769206257e-11,1.0
f39092221,3.179714304357706e-12,8.747378597117716e-16,1.0
f35002336,1.0,2.670083155498302e-14,2.3070751975495796e-09
f31939881,5.458763996379901e-10,3.843042691801385e-14,1.0
f32554505,1.806381646929367e-06,5.2456365640107805e-11,0.9999982118606567
f23097679,0.9997382760047913,6.876436236780137e-05,0.00019299423729535192
f35754177,0.9999995231628418,4.974876333108114e-07,6.30616781016613e-10
f22706366,7.07084807372027e-11,2.8534717991246517e-11,1.0
f39375017,0.0012075970880687237,8.604786327914837e-10,0.9987924098968506
f30892117,8.197302747703361e-08,0.9999998807907104,3.217542343669777e-10
f21110971,0.9999990463256836,5.539243369545588e-11,9.930338364938507e-07
f18275058,2.3496031644754112e-05,1.1787716175604146e-05,0.999964714050293
f22595049,0.9999994039535522,4.467230212412687e-07,9.276416790271469e-08
f18329497,0.0030932645313441753,0.9968615770339966,4.519163121585734e-05
f22562272,0.9999998807907104,8.802746975788978e-08,5.8389790780211115e-09
f27776145,5.852160769870274e-12,1.0110816297973033e-15,1.0
f19302626,4.9422410743982584e-14,7.787773382986543e-15,1.0
f21035535,1.612152218091658e-14,1.0,3.794775895730638e-16
f35622056,3.321051963212085e-06,1.0345276677981019e-05,0.9999862909317017
f18221761,7.335730689561615e-09,1.0,6.596949007030284e-13
f31662928,1.4539655239786953e-06,1.5439337586187207e-09,0.9999985694885254
f25990404,7.756950992643397e-08,9.538536627218264e-12,0.9999998807907104
f31055219,3.7546033127000555e-07,0.9999996423721313,2.3085566791536394e-10
f33890235,0.999971866607666,2.8143163945060223e-05,4.416718990540858e-09
f18603439,0.015765400603413582,0.9842345118522644,9.34866903889997e-08
f37940580,4.2743581027057664e-13,1.0,2.9995954721820373e-13
f33140171,1.0,4.33813562850105e-09,2.949062682944259e-08
f26069561,0.9999998807907104,1.2704672869290334e-09,9.012872226321633e-08
f18405808,0.9983993172645569,0.0016007281374186277,2.1844673625537325e-08
f33573630,0.9999997615814209,1.2027875362363716e-09,2.855938134871394e-07
f18650712,0.34705618023872375,0.6529250741004944,1.864964906417299e-05
f33253241,6.89089341143756e-11,1.0,4.1782722437098616e-14
f34310020,7.908802217571065e-05,5.4454016407134986e-08,0.9999208450317383
f27427481,1.9641081507870695e-06,0.9999980926513672,6.231251070687449e-10
f37366607,4.433241425870482e-13,2.0506753679810317e-17,1.0
f30418418,5.003026869198658e-14,1.3215379091740155e-17,1.0
f20145669,8.294502373351956e-15,2.4404008121362312e-15,1.0
f20178148,6.185342158460116e-07,1.603417815188024e-10,0.9999994039535522
f29428461,1.085288543062335e-12,1.0633013168746494e-15,1.0
f25462918,3.585286094676121e-06,1.55964229975325e-07,0.9999963045120239
f20886246,8.66925092504094e-15,9.839327282952555e-17,1.0
f17492972,0.5003911852836609,0.49960511922836304,3.7165896173974033e-06
f35824287,2.818280009364571e-08,2.8102095650517356e-10,1.0
f31999433,2.948213288084256e-12,1.1373925593204039e-15,1.0
f19909949,3.111378100584261e-05,0.9999688863754272,1.973468194416128e-10
f38970831,1.554782691481904e-11,1.0,2.987922687047728e-10
f27968218,0.9852181077003479,0.014781647361814976,1.8505642174204695e-07
f39221369,2.743236020286144e-11,1.0,6.371505157243967e-14
f18285985,4.1433223518794193e-10,1.0,8.917235873318052e-12
f34441688,7.30719044300665e-12,1.0,8.12074908186633e-13
f35655575,2.433781821908898e-11,5.851298720722931e-13,1.0
f24537462,2.246426049623551e-07,0.9999997615814209,2.0091943664368728e-09
f29451156,1.0,1.0731613514503024e-10,2.1285062601350546e-08
f23292218,0.01627412810921669,0.983714759349823,1.1100243682449218e-05
f38046510,1.2513301159144952e-11,1.1887543629584413e-13,1.0
f19291046,9.181847312631983e-14,2.9217847759277493e-12,1.0
f27255068,0.00037141915527172387,0.9996284246444702,1.138450258508783e-07
f36892452,0.29726698994636536,0.001848699408583343,0.7008842825889587
f26186855,0.9999865293502808,7.435399518307406e-11,1.3460900845529977e-05
f20198804,0.0021815903019160032,0.997786283493042,3.211986768292263e-05
f25670502,1.7652760221469055e-13,1.0,9.046205489337752e-14
f21950587,1.0955689480618425e-12,4.9729531807968425e-18,1.0
f27302708,6.870616575671562e-11,4.4512210215473524e-13,1.0
f20605037,1.115650974381488e-11,1.839941061651789e-15,1.0
f27136592,6.782681884942576e-05,0.999932050704956,9.217538377015444e-08
f19156837,1.0022839329326683e-11,4.8583573687525916e-14,1.0
f22498916,5.154615612384256e-15,1.912572019296477e-15,1.0
f19484519,1.0545233131153964e-08,4.13655918407585e-08,1.0
f39324393,1.0042899151185836e-10,1.0,3.524392366491269e-12
f29419080,5.381359420575382e-12,1.0546972197239112e-14,1.0
f34748707,1.0,1.2060043718883917e-12,1.4414683335850498e-10
f39217499,1.7342463186006962e-12,1.026494148661314e-16,1.0
f39034809,7.56922702294105e-09,1.0,3.3977310982119535e-12
f27699065,0.0010570109589025378,0.05415812507271767,0.9447848796844482
f20614290,2.4261879172371437e-09,2.2671209354285793e-10,1.0
f29342288,2.3051271093608777e-16,5.150758052288892e-17,1.0
f18967672,1.6304171554515356e-12,8.674841342492818e-15,1.0
f46438290,0.9994906187057495,0.0005092778010293841,1.3556812916704075e-07
f57704232,6.946664909968092e-10,2.5874891422181245e-14,1.0
f40110422,0.16514496505260468,4.157865518550352e-08,0.8348550200462341
f52819511,0.008127161301672459,4.1447092371527106e-06,0.9918686151504517
f49082351,5.115185381656621e-15,3.554050157824925e-18,1.0
f51678580,2.8611381926862967e-12,2.2701243992578798e-17,1.0
f59136197,1.9392145875207767e-11,1.0,3.456525972563018e-13
f45033555,8.254088743990003e-18,3.551298955107574e-18,1.0
f45721998,0.1239771693944931,0.8760135769844055,9.215722457156517e-06
f51976618,4.789902504853671e-06,1.4876395471388748e-12,0.999995231628418
f52787512,1.0,9.884412177640911e-10,1.563397056258964e-08
f45885590,3.924755312412209e-11,1.1689813613630085e-13,1.0
f40178055,0.08690287172794342,0.9130656719207764,3.142113200738095e-05
f59409978,2.386564795613111e-13,2.6194155080660336e-16,1.0
f49505402,0.00018400287081021816,0.9998160004615784,5.179573747682298e-08
f45680142,3.9459019385290617e-10,5.035132297811617e-15,1.0
f53864649,1.081071786757093e-06,0.999998927116394,5.60446578035112e-10
f48198068,1.858285747502464e-10,6.016066330950245e-15,1.0
f46636239,8.724402277004994e-12,4.3913817352435325e-13,1.0
f42604698,0.9929169416427612,0.003118836786597967,0.003964225761592388
f50789065,0.9999964237213135,1.9569994236245947e-10,3.5945574836659944e-06
f47664168,1.2372971943612043e-14,1.3253971759084188e-14,1.0
f55856125,0.002856901381164789,0.028761006891727448,0.9683821201324463
f52946418,2.808484000915712e-10,1.0,3.6131700929808996e-12
f56827755,0.9999974966049194,2.4989098790229036e-08,2.4808800844766665e-06
f49009540,0.9999988079071045,1.7027242904532613e-07,1.1249238696109387e-06
f59364618,8.21114281169405e-14,1.5291042427973556e-16,1.0
f57887474,2.1453352019307204e-06,3.437935293436681e-14,0.9999978542327881
f50972344,0.9998973608016968,0.00010255721281282604,1.359028232172932e-07
f48177861,1.4640446011071617e-07,0.9999998807907104,4.1000916550792965e-10
f57656939,0.27388855814933777,0.7261095643043518,1.9061324110225542e-06
f51852320,9.706467096748383e-08,1.2497523016463674e-09,0.9999998807907104
f41161853,1.3326987755135633e-05,3.779057067276881e-09,0.9999866485595703
f56270853,1.5330002156588307e-08,1.0,5.0815948671179e-12
f50348196,3.656897433756967e-07,0.9999973773956299,2.2847527816338697e-06
f40877081,2.308519911689566e-12,5.108065540339356e-16,1.0
f57185994,6.931284701749973e-07,0.9999992847442627,1.7283774411680497e-08
f59190911,1.4511612789647188e-05,0.9999854564666748,1.223778145487131e-08
f48710986,2.1403393191121722e-07,6.503378361549274e-15,0.9999997615814209
f53544072,4.922922016703524e-06,1.1139029423238439e-13,0.9999951124191284
f54886386,2.025717094067403e-10,1.0,1.3867343688286904e-12
f52184329,2.259967928942841e-13,2.177305644807115e-14,1.0
f57344055,5.7041493056742e-11,1.1965249754539165e-13,1.0
f54823132,1.7008846588117965e-12,1.9402846503416803e-14,1.0
f43326395,7.197168372385931e-08,7.126677720181718e-13,0.9999998807907104
f57284649,1.4868737707729451e-05,1.6306309080782455e-10,0.9999850988388062
f56386947,9.406210619428146e-13,1.4835018682715358e-15,1.0
f58314075,2.1871203459422617e-10,1.0,5.642599928967762e-11
f49671623,3.069303144975777e-11,1.0,5.44338685237733e-10
f51141915,1.1129167587498046e-09,2.8249085471006297e-13,1.0
f48416099,7.662270817831995e-11,2.5347397249707304e-13,1.0
f56348947,1.9093191383490193e-07,5.437330273527774e-12,0.9999997615814209
f47325027,1.7589800449524517e-10,1.0,4.374169483654239e-13
f39702065,4.9491161169257225e-11,1.0,1.2357935855189517e-12
f43892126,9.50601403149065e-11,3.021122848417823e-12,1.0
f41532800,1.5139725064727827e-06,0.9999984502792358,1.6075573094909146e-09
f40838326,1.717655705169019e-11,1.0,1.4938537603106927e-12
f40543663,1.5923897080938332e-06,0.9999984502792358,2.963125389499055e-08
f59924507,3.465978337668929e-10,8.820834247215675e-15,1.0
f56774070,1.9329442579874012e-07,0.0021129422821104527,0.9978868365287781
f56435604,3.345324017800522e-11,1.0,4.324250159337684e-12
f39605757,6.988820078213109e-10,2.912112147561083e-14,1.0
f40266516,6.007157965504106e-11,2.200078036418418e-10,1.0
f50727876,4.1600937947805505e-06,0.9999958276748657,1.4401557280052657e-08
f53229383,6.481459990936855e-08,2.2444035518986993e-10,0.9999998807907104
f47622727,1.333088493993273e-05,0.9999862909317017,3.84522138574539e-07
f45036915,2.1043787157282168e-08,2.4539910576694413e-13,1.0
f54454191,0.99994957447052,1.1249445385635992e-12,5.039837924414314e-05
f54062310,1.0287507734574319e-07,2.5816408032338072e-15,0.9999998807907104
f56899548,0.0030739998910576105,0.99692302942276,2.95745485345833e-06
f55168794,5.480188519868534e-06,1.1599018273633632e-10,0.9999945163726807
f57994879,4.363163043308305e-06,0.9999955892562866,2.4217481353616677e-09
f41458268,3.048950247830362e-08,1.0,3.89458576499635e-10
f54659821,1.154464111113862e-12,1.0,5.684965085489546e-12
f54068620,3.5762623331464516e-12,9.359729652566248e-14,1.0
f46322618,1.4451151213179525e-11,1.3105768640470083e-12,1.0
f40331503,5.919763052361065e-17,5.434307790774312e-18,1.0
f55926498,9.171372283844903e-08,0.9999998807907104,5.590511126946085e-12
f56465858,6.406330327335397e-11,1.0,3.5727088063160217e-13
f43322869,0.9999997615814209,7.263238188670584e-08,1.5029196731575212e-07
f49355852,5.4451056996640546e-08,3.179870104209892e-13,1.0
f59440297,1.0,2.287926358784942e-12,5.871089205078395e-12
f52887306,0.9999970197677612,3.0282481020549312e-06,5.6105005086237725e-09
f51521840,5.47433582839818e-12,3.167465476103942e-14,1.0
f44969450,0.29986250400543213,0.00024203046632464975,0.699895441532135
f43789626,0.9953291416168213,0.003599791321903467,0.0010710764909163117
f44851974,1.7094727022826106e-10,1.0,2.228765838552249e-09
f46961671,1.0,1.9569748488379446e-08,4.40446186189547e-08
f57171720,2.5321247876242126e-10,1.0,1.9149667962459205e-11
f42542320,2.7455167046080975e-12,1.0,3.7526873156255164e-14
f53882859,3.773599054762711e-12,1.0921114273337862e-13,1.0
f51477567,1.742400321247395e-11,1.2063913338081472e-15,1.0
f56262291,1.9236545136750577e-14,1.0,3.248632238867996e-15
f58369201,1.2538428411854041e-12,3.799568447850872e-17,1.0
f52660398,6.8186931795333194e-12,1.2963894314868638e-14,1.0
f50002962,4.0057304695473306e-11,1.0,1.4461566709769724e-12
f39781516,0.000346483284374699,0.9996531009674072,3.9772018567418854e-07
f42378725,1.204051329750655e-07,0.9999998807907104,3.2204356958942526e-09
f44416111,1.0757095084482082e-12,3.482004427154896e-15,1.0
f45745997,2.226592521470394e-11,8.027803561258772e-18,1.0
f41755539,3.855440695588186e-07,0.9999996423721313,1.18939927351569e-11
f45677293,1.1743313569831382e-13,7.070590586546327e-15,1.0
f55165318,0.883916974067688,1.3466357984270871e-07,0.11608289182186127
f53019167,2.8575790565810166e-05,0.9999713897705078,9.203842132876616e-09
f58239718,6.490555315430413e-11,1.0,2.0794432842308197e-10
f54550245,8.823552240418142e-13,7.734486879087954e-14,1.0
f56570566,5.968389302744848e-13,3.853053604798394e-14,1.0
f40402322,4.2751087114822894e-09,3.5032018501764085e-15,1.0
f59564412,4.361391984275542e-05,3.3238103935850916e-10,0.9999563694000244
f56519090,0.1885632872581482,0.8114367723464966,3.161298423037806e-08
f59186594,2.999475556819675e-09,8.941338236489755e-15,1.0
f41889596,3.2939335937662295e-13,1.6723827184206286e-12,1.0
f40714889,6.476896384673136e-13,1.7046741351400135e-13,1.0
f40895803,1.5629788094884134e-06,0.9999984502792358,3.909791240763738e-11
f43099377,6.994411018250435e-13,1.3985525104749283e-15,1.0
f57779917,8.926243078022367e-11,3.083681088256185e-10,1.0
f41502212,4.217421117197473e-12,4.0334509867233825e-16,1.0
f49926575,2.6616659098976925e-08,1.0,2.769122708912164e-10
f45322049,3.5407524023867154e-08,1.0,8.932964611074734e-12
f48031687,0.23121283948421478,0.034102458506822586,0.7346847057342529
f45339444,1.0,3.812725779539505e-08,2.3837034568430226e-09
f45981335,3.548978331265745e-13,1.0,3.023545649960546e-11
f40462527,1.223647132064798e-06,0.999997615814209,1.2116817060814356e-06
f48070902,0.0001200945844175294,0.9877045154571533,0.012175336480140686
f58416332,1.0,4.6592937508194154e-08,9.648910115345188e-09
f59556081,5.9052081800847755e-12,1.0,1.6117088566525162e-11
f52957179,7.085932396400096e-10,1.0,1.6386211831864728e-10
f51152781,0.9984090924263,5.191476137866857e-09,0.0015909343492239714
f43200716,9.643226661637527e-08,0.9999996423721313,2.0360852204248658e-07
f59697763,2.5886185556212027e-11,9.697172655090622e-17,1.0
f51260193,0.0003827889449894428,0.9996123909950256,4.856549821852241e-06
f57893944,0.0001803469203878194,0.9998189806938171,7.033657993815723e-07
f39705667,1.5656356419646578e-11,1.2939203744913308e-12,1.0
f57781949,0.9901629686355591,7.767885223941562e-10,0.009837042540311813
f58666844,2.6887332360558958e-09,1.0,5.7065213665552506e-11
f58301776,0.9999997615814209,1.039755059828451e-09,2.1802965477490943e-07
f44043058,1.6830523086319715e-11,1.35788699728856e-10,1.0
f59325247,0.0632694736123085,1.473417086117479e-07,0.9367303848266602
f54867008,1.6516606748950835e-08,1.0,5.749323760129155e-12
f39821549,0.9033023715019226,0.09662989526987076,6.774796202080324e-05
f46881582,2.3197145593290003e-11,6.959597828593012e-13,1.0
f56378020,1.1327342536171514e-10,1.0121531390794303e-10,1.0
f40507173,1.6687025025663438e-12,1.593222651671036e-16,1.0
f43618312,6.477997658294044e-07,2.1156879483896773e-06,0.9999972581863403
f57177809,8.015970109909176e-08,0.9999998807907104,1.8005176516400212e-10
f53972037,5.228783087795263e-15,1.0,4.823119951113865e-16
f50059297,1.8751747116879658e-12,2.7153606240674227e-14,1.0
f46971290,3.921574034393416e-07,0.9999996423721313,3.3965430468185787e-09
f45793327,1.1068718208662176e-07,1.0731827870813504e-08,0.9999998807907104
f53028507,0.9999998807907104,1.6594451324181136e-07,2.995635028923971e-08
f47439752,2.85237090023871e-12,1.9597665775351186e-14,1.0
f55527255,2.7819854059307758e-11,2.4298542778550258e-14,1.0
f48968395,0.9999721050262451,2.794800093397498e-05,1.1676976226226987e-11
f44385252,0.00125720479991287,0.9987428784370422,4.1221028368454427e-08
f50479904,2.676352295338802e-08,2.739410087659877e-10,1.0
f56636678,0.9987885355949402,0.000717401853762567,0.0004941162187606096
f43093032,3.16143611289732e-10,3.363819856341821e-12,1.0
f53083165,0.9999997615814209,2.6300485345132074e-08,1.807032958822674e-07
f54993012,0.0013684864388778806,0.998626708984375,4.904333763988689e-06
f43752653,5.4225572057760296e-14,4.631559744323161e-16,1.0
f48690333,1.0752328307717107e-05,0.9996466636657715,0.00034260971006006
f50074127,0.0004020336491521448,0.0020546987652778625,0.9975433349609375
f58033422,4.286076922115642e-15,2.254418224658968e-17,1.0
f50431507,8.617941374865418e-16,1.110902787176892e-19,1.0
f45313640,3.6056918627062895e-13,1.4754819485686952e-15,1.0
f51145114,4.92899926030077e-06,0.999992847442627,2.2307970084511908e-06
f46210191,2.7677948821747123e-08,1.0,3.1389678412097055e-08
f52064192,2.664376324901241e-06,0.9999973773956299,3.7118522144830024e-10
f53397936,3.129836613404574e-13,1.0,1.4476552552197819e-12
f44019072,0.04469906911253929,0.9065874814987183,0.04871341958642006
f49206342,1.6128981830676459e-12,1.0,1.1344304402111094e-12
f46456700,4.340039855937997e-16,6.996020651371366e-18,1.0
f58077242,0.9999432563781738,4.88039841002319e-05,7.941103831399232e-06
f43237281,3.1702186448906433e-12,1.0,1.2575011324388822e-14
f42409762,6.7927419244995235e-09,4.4397557852349223e-10,1.0
f55842731,2.4200488835113276e-10,7.775000088194872e-10,1.0
f46371040,1.6017009940583193e-10,1.0,3.9150093215055415e-13
f47670586,3.004884955768415e-14,9.382844022320472e-17,1.0
f53334136,2.721552909250302e-13,1.0305465230258235e-17,1.0
f43953144,0.9866145253181458,0.013383540324866772,2.0088789369765436e-06
f52399582,1.2557477475638734e-06,0.9999986886978149,1.4173157758534671e-08
f40082597,6.129632391937978e-12,3.6649890479238667e-13,1.0
f40327707,0.9999985694885254,1.570358989511078e-07,1.2878705319963046e-06
f49869471,6.008976782823083e-08,1.275557082180967e-08,0.9999998807907104
f55847818,2.6595807867124677e-07,8.371288107156261e-10,0.9999997615814209
f55458748,7.491004225812503e-07,4.6736062692424515e-14,0.9999992847442627
f43429863,3.6157008054260587e-08,1.0,2.066811565643034e-12
f43097504,0.9996529817581177,0.0003100321628153324,3.6891724448651075e-05
f39806756,0.00019324298773426563,0.9998065829277039,2.95165619945692e-07
f45492851,1.9490410352318577e-07,2.071093600100409e-15,0.9999997615814209
f53805082,8.774026969381177e-13,1.0,1.9867075107433962e-13
f51367036,0.001726732705719769,0.9982732534408569,2.0581045756529193e-09
f40975282,7.972677422765639e-13,1.0,8.256974748030443e-13
f56449145,5.580145625572186e-07,0.9999992847442627,9.513204446420787e-08
f47034062,7.493999021335185e-08,0.9999998807907104,2.035891247254007e-11
f59486248,1.1311845150895408e-13,1.0,1.9139087219905392e-14
f41248012,2.567718173501765e-12,1.9872748195301493e-14,1.0
f48755200,5.849153491199396e-14,1.0,1.3922401880179288e-14
f55482550,0.4668887257575989,2.961103007237398e-07,0.5331109762191772
f52136458,1.0,1.218906659633534e-11,1.7348965319907705e-10
f58692285,1.2029202633989655e-10,2.689559946283948e-12,1.0
f43056580,0.03489620238542557,0.9649884700775146,0.00011539236584212631
f48233571,0.9997361302375793,0.00024844505242072046,1.5377721865661442e-05
f45174087,8.098718500297239e-14,5.836506992835358e-17,1.0
f48505495,1.2489534406689984e-10,8.864994648733956e-14,1.0
f50562222,3.208568827295366e-11,1.0,3.5971658984834676e-10
f78276547,0.3394605815410614,0.660539448261261,3.463751951926497e-08
f79056197,2.32714392041089e-05,5.54889051374019e-11,0.9999767541885376
f72887005,0.9257887601852417,1.2984197894638783e-07,0.07421115040779114
f63048329,2.3414784000586053e-11,1.5320766877380265e-08,1.0
f65966832,8.66804961141554e-10,1.0,1.4709882617536252e-12
f82538961,1.4393356195796514e-07,0.9999998807907104,2.494385809015398e-09
f60481292,1.546566323895604e-07,3.924329733243949e-14,0.9999998807907104
f72402907,0.026834189891815186,0.9721870422363281,0.0009787952294573188
f63961898,0.9998852014541626,8.143509830915718e-07,0.00011391451698727906
f75527853,0.011849411763250828,0.9881476759910583,2.943372237496078e-06
f80646866,0.1482665091753006,0.848673403263092,0.0030600617174059153
f69700536,3.4120784692272645e-15,1.509959260016379e-15,1.0
f74149758,1.0,8.530758564828655e-12,3.7157454890746067e-09
f78512122,0.9993601441383362,0.0006399137200787663,8.46064640569466e-09
f60320650,0.9999253749847412,7.444907532772049e-05,1.264399429601326e-07
f73675144,1.2728312412946252e-06,7.700489690343204e-10,0.9999986886978149
f71361015,2.4804856934529753e-16,9.993740727492524e-17,1.0
f73699691,4.0886513619220466e-10,1.0,1.885045314287126e-10
f70476585,2.983985723403748e-05,6.085059282086476e-15,0.9999701976776123
f76039915,3.001179582629021e-10,9.58539064094266e-12,1.0
f74216620,9.479249456489924e-06,0.9996145963668823,0.00037585434620268643
f81614224,1.7031588639415673e-10,6.594769489613045e-14,1.0
f72130278,0.15543772280216217,0.060931261628866196,0.7836310267448425
f60890019,2.5244620283082497e-10,8.363421039698712e-14,1.0
f70438503,0.9999240636825562,7.337435090448707e-05,2.480541752447607e-06
f78112425,5.24706234017458e-09,1.0,5.761948210225576e-12
f70943722,0.9999785423278809,7.095579235283367e-08,2.1391635527834296e-05
f67681680,2.519499053832419e-09,1.0,3.331025177910618e-10
f63864418,1.9711846738212913e-11,3.5779051162782016e-13,1.0
f66691020,1.0905238490011016e-08,1.0,3.406057727528555e-11
f70997430,3.9635597581799686e-10,1.0,5.2200599398588565e-09
f79328514,2.8928676013511125e-15,2.320963126500542e-18,1.0
f69126355,4.2968270608234604e-10,3.956510378382624e-15,1.0
f80183906,0.0008104870794340968,0.9991891980171204,4.0995644212671323e-07
f61025581,2.3798363280036483e-10,3.232580869649837e-11,1.0
f64393433,1.0,1.4271456905134983e-08,2.408049870616935e-10
f66324034,0.005402689799666405,0.9945970773696899,1.9429214148658502e-07
f74148421,1.3038097677053884e-06,0.9999985694885254,7.231973597754404e-08
f69379752,9.237797193861752e-10,4.981965903184948e-13,1.0
f63163812,2.8378838168308107e-10,4.131990465339186e-07,0.9999996423721313
f81678079,2.890807439346471e-13,2.354173493380454e-15,1.0
f78458077,3.4764742196102816e-09,1.0,7.857839379177278e-12
f78713435,5.0024429043560303e-11,8.664287841365621e-16,1.0
f60120888,3.129021308723168e-07,1.1247711746362188e-12,0.9999996423721313
f62352838,3.518104696453861e-09,1.0,1.0418403029177625e-08
f79042441,8.057280537210332e-12,1.0,3.388400671155978e-11
f63502882,1.6342927011692154e-09,1.0,6.3969983823963794e-12
f70463437,2.399564209554228e-07,1.6453573226105078e-10,0.9999997615814209
f66645238,6.495970983344534e-10,2.932611657785705e-15,1.0
f78403553,1.3649317787134407e-10,2.6317843460077484e-09,1.0
f78768990,1.066723712028761e-06,0.999998927116394,9.331627692787947e-10
f73430617,0.00015872895892243832,6.300102484146919e-08,0.9998412132263184
f61889216,1.2187874407626476e-12,2.1310720295652656e-17,1.0
f78197746,0.9460448622703552,0.033760715276002884,0.020194465294480324
f73892652,8.415240131398605e-07,7.70099628510934e-09,0.9999991655349731
f77311244,9.963352191888486e-12,2.3550075561357034e-16,1.0
f70504968,5.783600954600843e-06,6.818087761040204e-10,0.999994158744812
f73725950,5.612432719091787e-13,1.4412310066761651e-15,1.0
f80035771,8.587632016089641e-13,7.509275302676434e-17,1.0
f82366657,0.7408419847488403,0.10241290181875229,0.156745046377182
f68161478,1.6735816643631551e-06,0.9999983310699463,6.2795618704925e-10
f60044409,4.876057573710568e-06,0.9999951124191284,4.660652974664004e-10
f79024847,2.6484696380446593e-11,9.586987453902296e-11,1.0
f63362520,4.5533194992231074e-09,0.9999996423721313,3.982737268870551e-07
f74536929,4.737776837515639e-09,5.783257716034801e-14,1.0
f77337290,1.5578297928985768e-13,1.4713916391718984e-13,1.0
f62038720,0.10587860643863678,0.10269339382648468,0.7914279699325562
f76367726,1.0,4.8497914018064137e-11,2.7168387539688865e-09
f74140263,4.783620166648461e-10,4.146391346590561e-13,1.0
f61302098,3.677795290535357e-10,2.0200102712492757e-14,1.0
f67567469,6.274724073662696e-10,4.070988880201798e-13,1.0
f60355490,1.2573537046603467e-12,2.6793335345526303e-13,1.0
f81215311,4.870048253557968e-10,1.250859822385169e-15,1.0
f82546573,0.0001100790686905384,1.3914890073518649e-11,0.9998898506164551
f64259104,2.720486236285069e-07,0.9999997615814209,1.431903218218622e-08
f82441571,7.847531513505146e-09,1.0,3.8458056184076383e-11
f67774210,6.06028606853215e-06,2.0406393730354466e-07,0.9999936819076538
f69159761,6.205971541241133e-15,1.0,2.9645217182493796e-15
f69248393,5.09927047961066e-14,1.5912616115794647e-15,1.0
f74243295,1.372480028294376e-06,0.9999985694885254,7.903010711129976e-12
f72777785,6.24406470972616e-10,7.484752834879815e-13,1.0
f79781971,1.4505706635858928e-09,1.256043880015767e-10,1.0
f63711595,4.091363337010989e-07,0.9999996423721313,1.85094304328004e-08
f73279869,1.3843559827364516e-05,2.9742068363702856e-06,0.9999831914901733
f75354375,1.4308774552773684e-05,0.9999854564666748,2.5812423132265394e-07
f80886420,0.00022933780564926565,1.5527577090779232e-07,0.99977046251297
f65419082,1.1499569296802292e-08,1.0,4.22108311845526e-12
f78189757,0.11591507494449615,0.8834418654441833,0.0006430388311855495
f75400619,9.819554891432603e-12,1.1076839445678388e-09,1.0
f64059497,1.0,1.8423126912914256e-10,2.1194224153475716e-09
f79503875,1.0055060083169476e-12,1.0580343431888448e-13,1.0
f59951403,1.8656270647267326e-13,2.8570795196524424e-17,1.0
f74203098,0.9417582750320435,0.022624382749199867,0.035617418587207794
f68761520,1.0960867901244759e-13,1.0,1.5974834920935211e-15
f62620953,0.0030312412418425083,0.9969683289527893,4.548561491901637e-07
f78755933,3.0244561344261456e-07,7.764286991118752e-09,0.9999996423721313
f82465380,5.8294487292887e-11,1.0,3.4347974464665754e-10
f68767286,2.312879587407224e-06,0.9999314546585083,6.629943527514115e-05
f63610678,5.89622372194204e-13,3.9870077725434605e-12,1.0
f78306462,1.685009960337644e-13,1.0,5.951945513326621e-15
f80165435,2.4643900253806805e-09,1.2904039790442097e-15,1.0
f60960154,0.6961029171943665,0.00011617052950896323,0.3037809133529663
f65796568,8.08022662113217e-08,0.9999998807907104,1.3345954896770706e-10
f69008377,6.110563444128303e-14,6.053082094261732e-15,1.0
f63140593,1.0264027139328391e-07,2.0043784687562294e-10,0.9999998807907104
f72742334,0.9992551207542419,0.0006183885270729661,0.00012649390555452555
f64781642,3.4636948257477096e-12,2.456393107582583e-13,1.0
f77745310,8.767733761239072e-10,1.0,1.0528612487056832e-12
f62648402,7.220997417789476e-07,0.9999992847442627,5.94026564049166e-13
f77739597,0.9962530136108398,0.003746995935216546,1.6970119531833916e-08
f80175753,9.00907616596669e-05,2.686235678339699e-09,0.9999098777770996
f74520777,1.0,1.831596740942132e-08,1.3151795208443673e-08
f60257941,9.480053408950084e-10,9.95471483022925e-11,1.0
f63968308,1.7086479453531922e-10,1.0,4.535530631621931e-11
f72964020,5.242210203253161e-13,5.179846606300593e-15,1.0
f73264249,2.731704565241827e-13,1.401885585122374e-15,1.0
f67697764,0.9999972581863403,1.2889371703295183e-07,2.6214506760879885e-06
f80091326,9.877891837817288e-10,1.0,5.4649262892780825e-08
f78322647,0.8224683403968811,0.17753155529499054,1.3535510845485987e-07
f63443560,0.4623611271381378,0.5368722081184387,0.0007666353485547006
f73724331,1.833132610821759e-14,7.087113552369298e-16,1.0
f81845936,1.123186987861402e-09,1.093874526413496e-14,1.0
f75422602,1.1553785483897627e-08,1.0,3.927898804823027e-12
f80927666,0.9997537732124329,1.9403141593432593e-10,0.0002461762633174658
f72908654,0.0004910663701593876,2.7982114403357627e-09,0.9995089769363403
f67836506,2.7342689463694114e-06,0.9999972581863403,1.064808063944156e-08
f64161047,0.9999477863311768,5.212376345298253e-05,1.198465895413392e-07
f77072882,0.9980522394180298,0.0019475024892017245,2.3104456658984418e-07
f62665194,0.9999998807907104,1.3172562773888785e-07,5.320688889476344e-10
f68846273,0.15268470346927643,0.847052812576294,0.00026242859894409776
f78385999,4.0595307382318424e-07,0.0006330898613668978,0.9993664622306824
f69112310,1.6435348015875206e-07,5.860342766617066e-10,0.9999998807907104
f79758196,2.0600195160813684e-11,1.0,1.3903188631836719e-14
f71380247,0.0005045210709795356,0.9986961483955383,0.0007993336766958237
f62631239,7.578258731655296e-08,8.063206135763834e-14,0.9999998807907104
f72191606,3.3051297254615974e-09,1.0,7.784158517418205e-13
f80541720,0.006992464419454336,0.9930024743080139,5.1328775043657515e-06
f67905680,0.9999997615814209,1.8041642135813163e-07,2.9264163314834946e-10
f82058963,1.301834551270531e-08,0.9999997615814209,2.455687990732258e-07
f65959381,8.152661705451703e-12,1.0,1.2555389128539318e-13
f80326532,6.523157427900609e-15,1.0,1.276621376563843e-15
f62006064,0.9370537996292114,0.06293760985136032,8.617123967269436e-06
f73084471,4.7231433174255155e-12,1.8898285493879887e-15,1.0
f79378451,1.0,7.19967141460387e-11,8.731873002432167e-09
f65815929,0.0016495928866788745,0.9983503818511963,2.5848748919088393e-08
f67714744,9.97451340273292e-12,1.3093212528991847e-14,1.0
f66570437,0.16660214960575104,3.294618693416851e-07,0.8333975672721863
f70843232,2.5218908558666264e-11,3.510827476042302e-15,1.0
f76794269,4.7866372199223406e-08,1.0,9.771389426760368e-12
f80886690,3.0976811420850917e-14,2.114397929572575e-18,1.0
f75298529,7.898519338578325e-11,1.1852982017182653e-15,1.0
f67700392,6.526951068508424e-08,0.9999998807907104,4.1453155469849123e-13
f62234524,1.3931287764015754e-12,3.268547677523839e-14,1.0
f65165880,0.9998548030853271,0.0001451934513170272,5.492926113959129e-10
f75003675,0.03464639559388161,0.8440616726875305,0.12129194289445877
f81564363,1.2329625032536304e-14,3.019741490146782e-15,1.0
f73903181,2.6709578864229314e-15,7.530058391061467e-13,1.0
f80620423,0.0043181562796235085,3.3013580832630396e-05,0.9956488013267517
f77714586,6.558110908372328e-05,0.9999344348907471,4.330330938273619e-08
f76300627,0.999992847442627,5.185749159863917e-06,1.8680094626688515e-06
f76623108,1.7090324584668158e-14,3.2941632061023185e-11,1.0
f67819521,0.9999973773956299,2.2021340555511415e-06,5.284063036015141e-07
f81411785,2.171538060480316e-09,5.936072962928023e-15,1.0
f76466636,5.414921820502397e-17,5.391236909868982e-18,1.0
f60444651,9.326722033575763e-11,2.282934041461515e-13,1.0
f69407697,4.138969597988762e-05,0.0011583699379116297,0.9988002777099609
f82285085,0.9999947547912598,4.346944479038939e-06,9.932521152222762e-07
f68011771,2.0659847166371037e-07,5.737784469772578e-09,0.9999997615814209
f60496275,3.2015922031558564e-12,6.362239294427363e-14,1.0
f63273446,1.4921194633643609e-05,0.00012409481860231608,0.9998610019683838
f76367296,1.2034377400854668e-12,1.0014992486354114e-17,1.0
f74721190,1.7680297330346928e-12,2.504167378082001e-17,1.0
f76016998,5.008774495965547e-14,1.0,2.524015068131047e-13
f76835825,6.176023234494288e-12,6.954627964418951e-15,1.0
f80272464,0.9804132580757141,0.019365377724170685,0.00022140903456602246
f75451874,1.3095560504321636e-14,1.155656495487338e-15,1.0
f76019510,0.9999997615814209,2.4542177357034234e-07,3.324347463973254e-10
f62080663,1.0,2.5917135104691624e-09,4.764053040950955e-10
f78588632,7.621699715798513e-09,1.0,4.182725780316199e-12
f70319652,5.1598492839532994e-11,1.0,2.942033986222392e-12
f67114547,1.0452999609213641e-15,6.943748626922302e-18,1.0
f66793468,7.868366450335422e-16,2.2940543207887326e-18,1.0
f68623508,0.9999957084655762,1.5911117756672866e-08,4.2392111936351284e-06
f64880238,8.130826741059582e-12,1.0,2.24243323562745e-12
f71647167,2.318349106644746e-05,0.9999765157699585,3.0356326874425577e-07
f80142419,1.2226735466094873e-12,6.938017055400231e-14,1.0
f72475602,1.0948510009711754e-07,0.9999998807907104,3.760469854344889e-13
f73288244,0.9999990463256836,1.0131886938324897e-06,9.898685204845492e-10
f72184859,1.6509644129233947e-12,2.4631480936929823e-14,1.0
f66758623,3.9035288779132316e-08,1.0,4.9495172405045196e-09
f80015492,5.560735032161812e-12,3.384773104857991e-17,1.0
f64460990,1.699555340906045e-08,5.275470815399586e-13,1.0
f72639423,2.1115230453006006e-08,1.0,4.070439298120565e-12
f85914643,0.0010764277540147305,0.9989230036735535,6.229442988114897e-07
f91285453,3.0483433702613305e-13,3.4487354378526236e-13,1.0
f91495136,2.644062213619236e-08,1.0,3.0565876435809103e-13
f83824017,0.0005392516613937914,4.0247975308452255e-13,0.999460756778717
f87823077,0.00038458063500002027,0.9996151924133301,2.2975889635290514e-07
f86677090,1.6548673897887056e-07,4.37169035194529e-07,0.9999994039535522
f94509368,0.00011973413347732276,1.1440655280775536e-12,0.9998801946640015
f99013969,1.3520494235308433e-07,3.5115806746796596e-13,0.9999998807907104
f87329532,8.44693381907291e-09,1.2048133114274124e-16,1.0
f99561628,4.0184627181361066e-08,1.0,2.4420158339921727e-08
f91409155,7.452578074662597e-07,0.9999920129776001,7.266056854859926e-06
f83054657,0.9248207807540894,0.07517922669649124,1.6706320771220362e-09
f89855266,4.448203686901325e-15,4.958991612827866e-18,1.0
f94610998,0.00022571097360923886,0.9997742772102356,1.5384348239777523e-09
f85503272,0.00012824876466766,0.9998717308044434,3.1690511548276845e-08
f84983869,0.9999979734420776,1.9359597445145482e-06,1.0408297868025329e-07
f82562152,1.3278858901344393e-08,2.1514007589318318e-11,1.0
f94758589,1.0,5.6108735435600465e-08,3.519280866726149e-08
f89184935,0.23650866746902466,0.7634860873222351,5.259338649921119e-06
f82644069,1.757856284579501e-14,9.12471430506497e-16,1.0
f95990933,2.3797179892426357e-05,0.9999743700027466,1.781025616764964e-06
f98604815,0.9122605323791504,0.08773918449878693,1.799366629029464e-07
f88025396,1.6087510630313773e-06,0.9999983310699463,1.1414440592716346e-07
f86517744,4.903500383512949e-10,3.0996821862722124e-12,1.0
f93958041,9.702829495807433e-14,1.2251409110214335e-16,1.0
f95936817,5.647827041113662e-13,1.0,1.648736377458937e-12
f99311548,0.5507550835609436,0.4492332935333252,1.1612504749791697e-05
f84413508,6.5580502450757194e-06,0.9999934434890747,3.1748985662716223e-09
f86694821,5.187375862192312e-09,1.0,2.142948873906647e-10
f85152285,0.9994157552719116,0.0005841290112584829,1.2505728363976232e-07
f95592753,0.16678722202777863,0.833115816116333,9.692684398032725e-05
f95438961,0.9781485795974731,4.799731527782569e-07,0.02185101807117462
f92006623,7.067186308191753e-17,1.1902720387415467e-17,1.0
f90618706,5.071742586451253e-14,7.821834271861533e-15,1.0
f93223465,1.078247446163012e-14,6.009849956150346e-15,1.0
f84609711,1.0,9.471007311745439e-12,1.3449121816222487e-09
f99662512,0.9507889151573181,0.04920926317572594,1.7662680420471588e-06
f94522514,8.688959773905935e-09,9.980859590414184e-14,1.0
f83296259,0.0017499341629445553,0.9982494711875916,6.369406833073299e-07
f94445381,5.180116335878893e-10,9.274704268480427e-12,1.0
f82601652,2.520134491715287e-12,8.656334519628259e-14,1.0
f86844296,4.937159303608496e-08,1.0,1.853464326462273e-10
f95406040,4.8827997201073e-10,1.2062713494742638e-08,1.0
f96919008,3.2571900732136783e-10,3.84963057525195e-14,1.0
f84089841,0.9998992681503296,0.00010069306154036894,2.7305821603818003e-08
f94626275,0.5037426948547363,0.49417993426322937,0.0020773441065102816
f99780093,1.1070825145509389e-08,4.890403013102507e-11,1.0
f86578347,9.59031964953283e-10,1.0,3.0231806641412007e-12
f94822277,2.3455954760720488e-06,0.999997615814209,4.738325731779014e-09
f92404326,6.505772483234029e-12,2.7718109057994766e-11,1.0
f89150969,1.871968580147154e-09,2.9766287091420596e-12,1.0
f85833950,5.085603788756998e-06,0.9999948740005493,1.873336624713673e-10
f83062324,6.958606434126491e-12,9.440373965408436e-14,1.0
f95042252,1.5526179231173387e-09,4.0809320983256625e-13,1.0
f95690479,1.209104993904475e-07,0.9999998807907104,1.7263463228389675e-11
f94946508,8.837400199960719e-16,4.613673899179335e-18,1.0
f95839907,6.0013800975866616e-05,0.9999043941497803,3.567071325960569e-05
f86885861,1.0,5.111394085766108e-10,2.3756389650603227e-12
f88162731,2.145521072274576e-14,8.014439929067386e-16,1.0
f96315124,0.00031930371187627316,0.9996788501739502,1.9519968645909103e-06
f99759051,3.375394896920625e-08,1.0,1.3333074228016883e-11
f91576509,1.0,1.0467671174296811e-10,1.3273112386968933e-08
f95779924,8.157810071907079e-08,5.696110752432366e-16,0.9999998807907104
f82701880,0.04850107803940773,0.9514795541763306,1.9387745851418003e-05
f96728334,1.9645216443181512e-12,1.0,3.0370256309808497e-10
f93220478,8.440311830781866e-06,0.9999915361404419,2.7096238142121365e-08
f86739896,3.5122242891816313e-09,6.228631121985018e-08,0.9999998807907104
f92114605,9.101489922613837e-06,5.896906582963457e-15,0.9999909400939941
f96073347,5.502563194589166e-14,9.993773649280904e-18,1.0
f85297565,0.00011618437565630302,0.999743640422821,0.00014015260967426002
f85963885,0.0009136855369433761,0.9990862607955933,1.5141564668752494e-09
f85449481,2.0063777418313387e-15,8.75073646236812e-19,1.0
f83762912,1.338227235692102e-07,1.4328949268435642e-12,0.9999998807907104
f89697283,0.9894559979438782,0.01054010447114706,3.893127086485038e-06
f93487044,6.380729900001825e-08,0.9999998807907104,4.057134628254744e-10
f95813749,0.9996663331985474,6.136207957752049e-06,0.00032759917667135596
f88055996,2.694885949949821e-07,0.9999997615814209,9.981970978956145e-12
f96162062,1.0,2.0721551141633654e-09,1.6925895129915602e-09
f88358662,0.000415980932302773,0.9995829463005066,1.0334474609408062e-06
f92939842,4.0238656850988264e-10,3.370718909204021e-15,1.0
f85254583,0.9999998807907104,9.36571153964394e-10,1.0407284634084135e-07
f97205495,3.881091448221241e-09,1.0,1.7441675545255136e-13
f97272150,1.0,9.117478473597007e-12,2.225706147163109e-10
f95110662,1.0,5.049232212894772e-11,5.5221047290388015e-08
f97124483,0.00011957416427321732,0.999880313873291,7.044759797736333e-08
f84960518,8.928859784873566e-08,1.112706593531243e-09,0.9999998807907104
f98418102,2.746449290214059e-08,1.0,9.42115968571855e-11
f99204311,2.6370320993030286e-15,2.1341772914341838e-19,1.0
f84100397,6.082607334478851e-11,8.058905105745584e-13,1.0
f86032678,3.418607896765735e-10,3.700277931284468e-13,1.0
f95512902,0.9999654293060303,2.6021647499874234e-05,8.567716577090323e-06
f86240958,2.6611022718725508e-08,1.0,1.0231854426223652e-11
f82824251,2.1758756574286053e-08,0.9998607635498047,0.00013917572505306453
f82959113,0.00015422070282511413,0.9996685981750488,0.00017721364565659314
f95715991,4.9278543883701786e-05,0.9999507665634155,6.413527486870407e-09
f83477767,0.999958872795105,8.62358144962383e-14,4.117154821869917e-05
f95847999,3.328629039067721e-11,6.270538558880712e-13,1.0
f85206021,5.809961886593662e-13,1.0,1.7849740782671653e-13
f86411793,2.383653170678901e-13,3.3157274126859038e-15,1.0
f86169765,7.300078239385471e-14,1.1301685991250762e-17,1.0
f89698898,3.2776703573489385e-09,1.3080926919428748e-07,0.9999998807907104
f83019686,1.0,5.3663848538498815e-12,7.228374149237382e-11
f83186759,4.203181802608924e-09,1.1268335524790502e-15,1.0
f93211309,1.2709120214560166e-11,2.1064633666371436e-15,1.0
f86096630,3.7989129203497285e-11,1.0,1.4861244179709132e-11
f91127705,2.1423349205740294e-11,9.860233967208878e-14,1.0
f94124949,1.4118834990028972e-08,1.0,4.0426223566619734e-13
f93594550,1.0,2.3238852248780306e-12,7.925531758656845e-11
f86765544,7.580079000035767e-07,0.9999992847442627,2.5705832129574446e-08
f89012810,1.0639258363198678e-08,1.0,1.5906556627420798e-10
f93651082,6.022314808298845e-14,8.730443761524142e-16,1.0
f93859853,0.9999655485153198,3.6775147691514576e-06,3.075849963352084e-05
f99384066,6.465448315617905e-11,3.2490401428303395e-12,1.0
f86383162,1.6494283152854172e-12,1.0,9.524407087665998e-13
f95241501,1.467361812501622e-06,8.096381896384767e-16,0.9999985694885254
f91059641,4.205635395493346e-09,6.76187460584292e-16,1.0
f99703407,0.00153167056851089,1.7555447584527428e-07,0.9984681010246277
f85592177,7.445129449479282e-05,4.216972257498064e-11,0.9999254941940308
f96809226,6.800934926332047e-09,1.0,1.938595090662451e-13
f93955834,3.871698101010068e-11,2.3072576835203584e-11,1.0
f83481311,0.801157534122467,0.1978442370891571,0.0009981825714930892
f89688616,2.6139493672881764e-13,2.4043811595707157e-15,1.0
f83376345,1.3277610076949803e-13,1.0,1.908403346646565e-15
f90452592,7.583869177096858e-08,2.659771292101709e-09,0.9999998807907104
f83986948,8.05449262841762e-10,6.21506068831934e-10,1.0
f82587308,1.302456098528637e-07,2.399504477491182e-13,0.9999998807907104
f95626735,0.001739588682539761,2.663474418795886e-08,0.9982604384422302
f93044125,8.53220125887299e-17,3.1736393066888322e-18,1.0
f92218836,1.081533205550024e-13,4.22517489745422e-12,1.0
f94600346,0.2411118894815445,0.001622369745746255,0.7572657465934753
f83915068,9.209674689536484e-12,1.0,8.175899540718845e-11
f87032728,4.561076776682382e-12,7.162152201166557e-16,1.0
f97174257,4.470013834634301e-07,1.1001185856382434e-12,0.9999995231628418
f88016329,4.152645675242761e-12,1.0,8.660704098328864e-12
f95294842,5.915635028941324e-06,0.9999940395355225,2.3050765463050737e-10
f85645074,1.4386740930516506e-11,1.0,2.390463180049554e-14
f95406359,9.972164843929932e-05,0.9995817542076111,0.00031856074929237366
f93494230,1.684420567471534e-07,1.8430907841593402e-12,0.9999998807907104
f93266307,0.9999998807907104,8.574543386430378e-08,5.918487921974247e-09
f95455531,1.0,1.2699149509742824e-09,3.477354515446507e-10
f86535917,1.905720409922651e-06,0.9999980926513672,5.539796177345124e-08
f87380329,3.3428645451749617e-07,2.325779678439069e-14,0.9999996423721313
f96119897,1.0,1.218906659633534e-11,1.7348965319907705e-10
f88859953,0.9573885798454285,9.056800642781582e-09,0.042611464858055115
f98357973,5.176989913147079e-12,6.898066102697942e-13,1.0
f95566082,6.315194696071558e-06,0.9999936819076538,2.104912077971477e-11
f83325578,1.2167347707644246e-15,6.226740894986927e-16,1.0
f96308115,7.001982282872632e-08,5.021032833951722e-08,0.9999998807907104
f86687636,1.2371345614603513e-10,2.3113515772958902e-17,1.0
f92117590,6.961446530340254e-08,0.9999998807907104,2.8758679465612502e-11
f92185311,1.7112682072250495e-16,3.781769704825548e-16,1.0
f94200622,4.321811658547503e-11,7.223697768427018e-12,1.0
f95250641,2.719767770373305e-13,1.0,1.873220816742821e-14
f84927066,2.8065336513116712e-11,9.760267477587105e-16,1.0
f88997670,0.2892363667488098,0.004371567629277706,0.7063921093940735
